<service name="MyService">
    <description>
        This is a sample Web Service with two operations,echo and ping.
    </description>
    <parameter name="ServiceClass" locked="false">userguide.example1.MyService</parameter>
    <operation name="echo">
        <messageReceiver class="org.apache.axis2.receivers.RawXMLINOutMessageReceiver"/>
    </operation>
    <operation name="ping">
        <messageReceiver class="org.apache.axis2.receivers.RawXMLINOnlyMessageReceiver"/>
    </operation>
</service>