<axisconfig name="AxisJava2.0">
    <parameter name="hotdeployment" locked="false">true</parameter>
    <parameter name="hotupdate" locked="false">true</parameter>

    <messageReceiver mep="INOUT" class="org.apache.axis2.receivers.RawXMLINOutMessageReceiver"/>

    <module ref="addressing"/>

    <!-- Engage the security module -->
    <module ref="security"/>

    <!-- Test with addressing and MTOM: Client's Configuration:START-->

    <parameter name="OutflowSecurity">
      <action>
        <items>Timestamp Signature Encrypt</items>
        <user>alice</user>
        <passwordCallbackClass>sample.security.PWCallback</passwordCallbackClass>
        <signaturePropFile>sec.properties</signaturePropFile>
        <signatureKeyIdentifier>SKIKeyIdentifier</signatureKeyIdentifier>
        <encryptionKeyIdentifier>SKIKeyIdentifier</encryptionKeyIdentifier>
        <encryptionUser>bob</encryptionUser>
        <signatureParts>{Element}{http://schemas.xmlsoap.org/ws/2004/08/addressing}To;{Element}{http://schemas.xmlsoap.org/ws/2004/08/addressing}ReplyTo;{Element}{http://schemas.xmlsoap.org/ws/2004/08/addressing}MessageID;{Element}{http://docs.oasis-open.org/wss/2004/01/oasis-200401-wss-wssecurity-utility-1.0.xsd}Timestamp</signatureParts>

        <optimizeParts>//xenc:EncryptedData/xenc:CipherData/xenc:CipherValue</optimizeParts>
      </action>
    </parameter>

    <parameter name="InflowSecurity">
      <action>
        <items>Timestamp Signature Encrypt</items>
        <passwordCallbackClass>sample.security.PWCallback</passwordCallbackClass>
        <signaturePropFile>sec.properties</signaturePropFile>
      </action>
    </parameter>

    <!-- Test with addressing and MTOM: Client's Configuration:END-->


    <transportReceiver name="http">
    </transportReceiver>
    <transportSender name="http" class="org.apache.axis2.transport.http.CommonsHTTPTransportSender">
        <parameter name="PROTOCOL" locked="false">HTTP/1.0</parameter>
    </transportSender>


  <phaseOrder type="inflow">
        <!--  System pre defined phases       -->
        <phase name="TransportIn"/>
        <phase name="PreDispatch"/>
        <phase name="Dispatch" class="org.apache.axis2.engine.DispatchPhase">
            <handler name="AddressingBasedDispatcher"
                     class="org.apache.axis2.engine.AddressingBasedDispatcher">
                <order phase="Dispatch"/>
            </handler>

            <handler name="RequestURIBasedDispatcher"
                     class="org.apache.axis2.engine.RequestURIBasedDispatcher">
                <order phase="Dispatch"/>
            </handler>

            <handler name="SOAPActionBasedDispatcher"
                     class="org.apache.axis2.engine.SOAPActionBasedDispatcher">
                <order phase="Dispatch"/>
            </handler>

            <handler name="SOAPMessageBodyBasedDispatcher"
                     class="org.apache.axis2.engine.SOAPMessageBodyBasedDispatcher">
                <order phase="Dispatch"/>
            </handler>
            <handler name="InstanceDispatcher"
                     class="org.apache.axis2.engine.InstanceDispatcher">
                <order phase="PostDispatch"/>
            </handler>
        </phase>
        <!--  System pre defined phases       -->
        <!--   After Postdispatch phase module author or or service author can add any phase he want      -->
        <phase name="userphase1"/>
    </phaseOrder>
    <phaseOrder type="outflow">
        <!--      user can add his own phases to this area  -->
        <phase name="userphase1"/>
        <!--system predefined phase-->
        <!--these phase will run irrespective of the service-->
        <phase name="PolicyDetermination"/>
        <phase name="MessageOut"/>
    </phaseOrder>
    <phaseOrder type="INfaultflow">
        <!--      user can add his own phases to this area  -->
        <phase name="userphase1"/>
    </phaseOrder>
    <phaseOrder type="Outfaultflow">
        <!--      user can add his own phases to this area  -->
        <phase name="userphase1"/>
        <phase name="PolicyDetermination"/>
        <phase name="MessageOut"/>
    </phaseOrder>

</axisconfig>

