<serviceGroup>

  <service name="AddService" scope="soapsession">

    <parameter name="ServiceClass" locked="xsd:false">sample.sgccalculator.AddService</parameter>

    <operation name="add" > 
          <messageReceiver class="org.apache.axis2.receivers.RawXMLINOutMessageReceiver" />
    </operation>
    
    <operation name="addPrevious" > 
          <messageReceiver class="org.apache.axis2.receivers.RawXMLINOutMessageReceiver" />
    </operation>
    
  </service>
  
  <service name="MultiplyService" scope="soapsession">
  
    <parameter name="ServiceClass" locked="xsd:false">sample.sgccalculator.MultiplyService</parameter>

    <operation name="multiply" > 
          <messageReceiver class="org.apache.axis2.receivers.RawXMLINOutMessageReceiver" />
    </operation>
    
    <operation name="multiplyPrevious" >
          <messageReceiver class="org.apache.axis2.receivers.RawXMLINOutMessageReceiver" />
    </operation>
     
  </service>
 
   <service name="SubstractService" scope="soapsession">
   
   <parameter name="ServiceClass" locked="xsd:false">sample.sgccalculator.SubstractService</parameter>

    <operation name="substract" >
          <messageReceiver class="org.apache.axis2.receivers.RawXMLINOutMessageReceiver" />
    </operation>
     
    <operation name="substractPrevious" > 
          <messageReceiver class="org.apache.axis2.receivers.RawXMLINOutMessageReceiver" />
    </operation>
    
  </service> 
  
</serviceGroup>