<service name="SecureService">
	<parameter locked="false" name="ServiceClass">sample.security.Service</parameter>
	<operation name="echo">
		<messageReceiver class="org.apache.axis2.receivers.RawXMLINOutMessageReceiver"/>
	</operation>    

    <parameter name="InflowSecurity">
      <action>
        <items>Timestamp Signature Encrypt</items>
        <passwordCallbackClass>sample.security.PWCallback</passwordCallbackClass>
        <signaturePropFile>sec.properties</signaturePropFile>
      </action>
    </parameter>

    <parameter name="OutflowSecurity">
      <action>
        <items>Timestamp Signature Encrypt</items>
        <user>bob</user>
        <passwordCallbackClass>sample.security.PWCallback</passwordCallbackClass>
        <signaturePropFile>sec.properties</signaturePropFile>
        <signatureKeyIdentifier>SKIKeyIdentifier</signatureKeyIdentifier>
        <encryptionKeyIdentifier>SKIKeyIdentifier</encryptionKeyIdentifier>
        <encryptionUser>alice</encryptionUser>

        <optimizeParts>//xenc:EncryptedData/xenc:CipherData/xenc:CipherValue</optimizeParts>
      </action>
    </parameter>

</service>
