<serviceGroup>
    <service name="WsaMappingTest">
        <description>
            Sample to via WSA Mapping
        </description>
        <parameter name="ServiceClass" locked="false">
            userguide.example3.MyService</parameter>
        <operation name="echo">
            <messageReceiver
                    class="org.apache.axis2.receivers.RawXMLINOutMessageReceiver"/>
            <parameter name="wsamapping">urn:sample/echo</parameter>
        </operation>
    </service>
</serviceGroup>