<service name="MyServiceWithModule">
    <description>
        This is a sample Web Service with a logging module engaged.
    </description>
    <module ref="logging"/>
    <parameter name="ServiceClass" locked="false">userguide.example2.MyService</parameter>
    <operation name="echo">
        <messageReceiver class="org.apache.axis2.receivers.RawXMLINOutMessageReceiver"/>
    </operation>
    <operation name="ping">
        <messageReceiver class="org.apache.axis2.receivers.RawXMLINOutMessageReceiver"/>
    </operation>
</service>