<module name="logging" class="userguide.loggingmodule.LoggingModule">
    <inflow>
        <handler name="InFlowLogHandler" class="userguide.loggingmodule.LogHandler">
            <order phase="loggingPhase"/>
        </handler>
    </inflow>

    <outflow>
        <handler name="OutFlowLogHandler" class="userguide.loggingmodule.LogHandler">
            <order phase="loggingPhase"/>
        </handler>
    </outflow>

    <Outfaultflow>
        <handler name="FaultOutFlowLogHandler" class="userguide.loggingmodule.LogHandler">
            <order phase="loggingPhase"/>
        </handler>
    </Outfaultflow>

    <INfaultflow>
        <handler name="FaultInFlowLogHandler" class="userguide.loggingmodule.LogHandler">
            <order phase="loggingPhase"/>
        </handler>
    </INfaultflow>
</module>